"Data","Último","Abertura","Máxima","Mínima","Vol.","Var%"
"17.01.2025","6,0704","6,0551","6,0905","6,0266","","0,34%"
"16.01.2025","6,0499","6,0104","6,0708","5,9935","","0,67%"
"15.01.2025","6,0098","6,0560","6,0701","6,0043","","-0,76%"
"14.01.2025","6,0559","6,0979","6,0979","6,0406","","-0,63%"
"13.01.2025","6,0944","6,1099","6,1358","6,0748","","-0,18%"
"10.01.2025","6,1053","6,0365","6,1235","6,0299","","1,14%"
"09.01.2025","6,0364","6,1058","6,1223","6,0320","","-1,13%"
"08.01.2025","6,1055","6,1014","6,1565","6,1014","","0,07%"
"07.01.2025","6,1010","6,1156","6,1189","6,0535","","-0,23%"
"06.01.2025","6,1152","6,1817","6,1820","6,0920","","-1,05%"
"03.01.2025","6,1798","6,1522","6,2011","6,1357","","0,45%"
"02.01.2025","6,1519","6,1847","6,2284","6,1446","","-0,52%"
"01.01.2025","6,1840","6,1847","6,1847","6,1847","","0,10%"
"31.12.2024","6,1778","6,1778","6,1778","6,1778","","0,00%"
"30.12.2024","6,1778","6,2030","6,2428","6,1518","","-0,30%"
"27.12.2024","6,1964","6,1834","6,2159","6,1693","","0,22%"
"26.12.2024","6,1828","6,1602","6,1982","6,1462","","-0,13%"
"25.12.2024","6,1906","6,1906","6,1906","6,1906","","0,00%"
"24.12.2024","6,1906","6,1919","6,1937","6,1913","","-0,05%"
"23.12.2024","6,1939","6,0799","6,2020","6,0799","","1,78%"
"20.12.2024","6,0853","6,1443","6,1493","6,0435","","-1,09%"
"19.12.2024","6,1525","6,2446","6,3007","6,1051","","-2,18%"
"18.12.2024","6,2896","6,0981","6,3144","6,0937","","3,03%"
"17.12.2024","6,1048","6,1463","6,2097","6,0580","","-0,70%"
"16.12.2024","6,1479","6,0464","6,1500","6,0246","","1,75%"
"13.12.2024","6,0419","5,9976","6,0778","5,9740","","0,84%"
"12.12.2024","5,9915","5,9549","6,0494","5,8664","","0,62%"
"11.12.2024","5,9543","6,0456","6,0733","5,9405","","-1,50%"
"10.12.2024","6,0450","6,0793","6,0835","6,0170","","-0,56%"
"09.12.2024","6,0788","6,0897","6,0904","6,0369","","-0,17%"
"06.12.2024","6,0894","6,0116","6,0952","5,9836","","1,30%"
"05.12.2024","6,0113","6,0381","6,0384","5,9598","","-0,49%"
"04.12.2024","6,0409","6,0413","6,0738","6,0198","","-0,05%"
"03.12.2024","6,0440","6,0584","6,0957","6,0285","","-0,23%"
"02.12.2024","6,0580","6,0002","6,0914","6,0002","","1,42%"
"29.11.2024","5,9730","6,0037","6,1159","5,9557","","-0,69%"
"28.11.2024","6,0142","5,9710","6,0230","5,9458","","1,29%"
"27.11.2024","5,9377","5,8122","5,9401","5,8033","","2,21%"
"26.11.2024","5,8095","5,8113","5,8335","5,7804","","0,19%"
"25.11.2024","5,7983","5,7867","5,8212","5,7755","","-0,05%"
"22.11.2024","5,8010","5,8142","5,8326","5,7879","","-0,23%"
"21.11.2024","5,8144","5,7759","5,8337","5,7755","","0,73%"
"20.11.2024","5,7725","5,7731","5,7759","5,7727","","0,05%"
"19.11.2024","5,7694","5,7469","5,7978","5,7450","","0,38%"
"18.11.2024","5,7473","5,7951","5,8003","5,7351","","-0,82%"
"15.11.2024","5,7947","5,7956","5,7964","5,7950","","0,10%"
"14.11.2024","5,7890","5,8032","5,8296","5,7602","","-0,29%"
"13.11.2024","5,8061","5,7482","5,8183","5,7218","","0,99%"
"12.11.2024","5,7490","5,7546","5,7990","5,7463","","-0,12%"
"11.11.2024","5,7559","5,7756","5,8167","5,7505","","0,32%"
"08.11.2024","5,7376","5,6926","5,7910","5,6912","","0,80%"
"07.11.2024","5,6923","5,6774","5,7239","5,6336","","0,23%"
"06.11.2024","5,6793","5,7512","5,8625","5,6644","","-1,24%"
"05.11.2024","5,7508","5,7699","5,8054","5,7393","","-0,70%"
"04.11.2024","5,7916","5,8681","5,8697","5,7558","","-1,30%"
"01.11.2024","5,8681","5,7885","5,8754","5,7620","","1,41%"
"31.10.2024","5,7867","5,7624","5,7949","5,7534","","0,41%"
"30.10.2024","5,7630","5,7610","5,7928","5,7545","","0,05%"
"29.10.2024","5,7604","5,7103","5,7673","5,6974","","0,89%"
"28.10.2024","5,7096","5,7076","5,7206","5,6855","","0,04%"
"25.10.2024","5,7073","5,6662","5,7137","5,6617","","0,76%"
"24.10.2024","5,6643","5,6909","5,7205","5,6606","","-0,42%"
"23.10.2024","5,6884","5,6904","5,7326","5,6848","","-0,02%"
"22.10.2024","5,6894","5,6943","5,7182","5,6743","","-0,08%"
"21.10.2024","5,6939","5,6898","5,7354","5,6867","","0,05%"
"18.10.2024","5,6912","5,6554","5,7031","5,6289","","0,65%"
"17.10.2024","5,6546","5,6652","5,6896","5,6519","","-0,19%"
"16.10.2024","5,6652","5,6507","5,7007","5,6297","","0,27%"
"15.10.2024","5,6502","5,5952","5,6656","5,5797","","1,03%"
"14.10.2024","5,5928","5,6121","5,6522","5,5643","","-0,35%"
"11.10.2024","5,6126","5,5831","5,6537","5,5572","","0,55%"
"10.10.2024","5,5821","5,5943","5,6050","5,5665","","-0,21%"
"09.10.2024","5,5941","5,5350","5,5995","5,5306","","1,07%"
"08.10.2024","5,5349","5,4918","5,5395","5,4897","","0,82%"
"07.10.2024","5,4900","5,4557","5,4927","5,4200","","0,63%"
"04.10.2024","5,4555","5,4778","5,5199","5,4513","","-0,37%"
"03.10.2024","5,4759","5,4417","5,5116","5,4385","","0,65%"
"02.10.2024","5,4407","5,4377","5,4608","5,4037","","0,07%"
"01.10.2024","5,4368","5,4500","5,4788","5,4296","","-0,21%"
"30.09.2024","5,4482","5,4347","5,4740","5,4025","","0,28%"
"27.09.2024","5,4329","5,4399","5,4583","5,4266","","-0,08%"
"26.09.2024","5,4375","5,4749","5,4781","5,4045","","-0,73%"
"25.09.2024","5,4774","5,4556","5,4974","5,4397","","0,42%"
"24.09.2024","5,4547","5,5374","5,5422","5,4460","","-1,48%"
"23.09.2024","5,5364","5,5104","5,6005","5,5104","","0,47%"
"20.09.2024","5,5103","5,4265","5,5247","5,4153","","1,55%"
"19.09.2024","5,4263","5,4616","5,4665","5,3938","","-0,64%"
"18.09.2024","5,4612","5,4833","5,4965","5,4093","","-0,39%"
"17.09.2024","5,4825","5,5108","5,5161","5,4781","","-0,50%"
"16.09.2024","5,5100","5,5677","5,5818","5,4973","","-0,97%"
"13.09.2024","5,5640","5,6284","5,6308","5,5437","","-1,13%"
"12.09.2024","5,6276","5,6633","5,6769","5,6143","","-0,60%"
"11.09.2024","5,6618","5,6608","5,6744","5,6062","","0,06%"
"10.09.2024","5,6582","5,5837","5,6723","5,5682","","1,33%"
"09.09.2024","5,5842","5,5992","5,6410","5,5747","","-0,26%"
"06.09.2024","5,5990","5,5749","5,6022","5,5286","","0,45%"
"05.09.2024","5,5741","5,6404","5,6494","5,5694","","-1,17%"
"04.09.2024","5,6399","5,6459","5,6620","5,6154","","-0,10%"
"03.09.2024","5,6454","5,6166","5,6534","5,5757","","0,49%"
"02.09.2024","5,6177","5,6463","5,6605","5,6036","","0,13%"
"30.08.2024","5,6103","5,6279","5,6933","5,5742","","-0,29%"
"29.08.2024","5,6266","5,5656","5,6631","5,5528","","1,12%"
"28.08.2024","5,5644","5,5106","5,5706","5,5054","","1,02%"
"27.08.2024","5,5082","5,4964","5,5196","5,4756","","0,24%"
"26.08.2024","5,4950","5,4868","5,5139","5,4719","","0,16%"
"23.08.2024","5,4863","5,5856","5,6061","5,4738","","-1,74%"
"22.08.2024","5,5834","5,4863","5,5964","5,4715","","1,78%"
"21.08.2024","5,4858","5,4774","5,5109","5,4580","","0,14%"
"20.08.2024","5,4780","5,4124","5,4930","5,4052","","1,22%"
"19.08.2024","5,4121","5,4721","5,4738","5,3762","","-1,15%"
"16.08.2024","5,4753","5,4830","5,4878","5,4365","","-0,13%"
"15.08.2024","5,4827","5,4744","5,4949","5,4493","","0,18%"
"14.08.2024","5,4730","5,4553","5,4876","5,4286","","0,35%"
"13.08.2024","5,4538","5,5003","5,5033","5,4471","","-0,79%"
"12.08.2024","5,4974","5,5078","5,5236","5,4720","","-0,16%"
"09.08.2024","5,5064","5,5493","5,5545","5,4912","","-0,77%"
"08.08.2024","5,5493","5,6351","5,6554","5,5440","","-1,51%"
"07.08.2024","5,6341","5,6625","5,6631","5,5971","","-0,50%"
"06.08.2024","5,6623","5,7240","5,7262","5,6309","","-1,07%"
"05.08.2024","5,7238","5,7310","5,8657","5,7127","","-0,06%"
"02.08.2024","5,7273","5,7488","5,7944","5,6985","","-0,37%"
"01.08.2024","5,7483","5,6511","5,7536","5,6326","","1,74%"
"31.07.2024","5,6500","5,6125","5,6846","5,6080","","0,68%"
"30.07.2024","5,6121","5,6165","5,6636","5,6107","","-0,07%"
"29.07.2024","5,6159","5,6665","5,6693","5,6128","","-0,70%"
"26.07.2024","5,6557","5,6448","5,6725","5,6178","","0,20%"
"25.07.2024","5,6442","5,6543","5,6901","5,6182","","-0,17%"
"24.07.2024","5,6536","5,5870","5,6627","5,5855","","1,24%"
"23.07.2024","5,5846","5,5789","5,6073","5,5582","","0,12%"
"22.07.2024","5,5779","5,5916","5,6104","5,5353","","-0,31%"
"19.07.2024","5,5952","5,5476","5,6093","5,5210","","0,89%"
"18.07.2024","5,5460","5,4813","5,5901","5,4798","","1,17%"
"17.07.2024","5,4821","5,4286","5,4882","5,4248","","0,99%"
"16.07.2024","5,4286","5,4463","5,4632","5,4053","","-0,30%"
"15.07.2024","5,4448","5,4292","5,4773","5,4292","","0,30%"
"12.07.2024","5,4285","5,4399","5,4661","5,4145","","-0,18%"
"11.07.2024","5,4381","5,4148","5,4539","5,3700","","0,44%"
"10.07.2024","5,4144","5,4223","5,4268","5,3713","","-0,14%"
"09.07.2024","5,4222","5,4700","5,4781","5,4102","","-0,87%"
"08.07.2024","5,4699","5,4600","5,4952","5,4562","","0,20%"
"05.07.2024","5,4592","5,4909","5,5347","5,4560","","-0,54%"
"04.07.2024","5,4887","5,5575","5,5595","5,4655","","-1,22%"
"03.07.2024","5,5563","5,6784","5,6800","5,5402","","-2,14%"
"02.07.2024","5,6777","5,6613","5,7017","5,6279","","0,31%"
"01.07.2024","5,6603","5,5921","5,6645","5,5664","","1,21%"
"28.06.2024","5,5925","5,5024","5,5995","5,4840","","1,65%"
"27.06.2024","5,5019","5,5195","5,5392","5,4830","","-0,32%"
"26.06.2024","5,5194","5,4511","5,5270","5,4504","","1,26%"
"25.06.2024","5,4509","5,3940","5,4566","5,3894","","1,08%"
"24.06.2024","5,3928","5,4302","5,4374","5,3759","","-0,69%"
"21.06.2024","5,4302","5,4488","5,4623","5,4228","","-0,33%"
"20.06.2024","5,4483","5,4367","5,4697","5,3870","","0,22%"
"19.06.2024","5,4362","5,4361","5,4832","5,4269","","0,01%"
"18.06.2024","5,4359","5,4194","5,4446","5,3924","","0,30%"
"17.06.2024","5,4195","5,3763","5,4314","5,3717","","0,81%"
"14.06.2024","5,3757","5,3640","5,3875","5,3432","","0,23%"
"13.06.2024","5,3636","5,4141","5,4164","5,3619","","-0,90%"
"12.06.2024","5,4123","5,3681","5,4300","5,3362","","0,86%"
"11.06.2024","5,3662","5,3548","5,3738","5,3351","","0,21%"
"10.06.2024","5,3547","5,3349","5,3894","5,3150","","0,19%"
"07.06.2024","5,3448","5,2559","5,3489","5,2408","","1,69%"
"06.06.2024","5,2560","5,2970","5,3092","5,2401","","-0,76%"
"05.06.2024","5,2964","5,2868","5,3061","5,2597","","0,19%"
"04.06.2024","5,2861","5,2477","5,2969","5,2452","","0,75%"
"03.06.2024","5,2467","5,2459","5,2677","5,2137","","0,05%"
"31.05.2024","5,2443","5,1997","5,2587","5,1930","","0,79%"
"30.05.2024","5,2034","5,2038","5,2038","5,2036","","0,03%"
"29.05.2024","5,2018","5,1615","5,2141","5,1573","","0,79%"
"28.05.2024","5,1611","5,1715","5,1738","5,1349","","-0,19%"
"27.05.2024","5,1708","5,1713","5,1852","5,1557","","0,09%"
"24.05.2024","5,1660","5,1446","5,1767","5,1302","","0,42%"
"23.05.2024","5,1442","5,1511","5,1607","5,1255","","-0,12%"
"22.05.2024","5,1503","5,1228","5,1643","5,1219","","0,54%"
"21.05.2024","5,1225","5,1040","5,1254","5,0838","","0,38%"
"20.05.2024","5,1033","5,1035","5,1293","5,0903","","0,00%"
"17.05.2024","5,1031","5,1288","5,1385","5,1003","","-0,50%"
"16.05.2024","5,1288","5,1373","5,1400","5,1047","","-0,17%"
"15.05.2024","5,1373","5,1302","5,1711","5,1204","","0,14%"
"14.05.2024","5,1299","5,1511","5,1614","5,1234","","-0,41%"
"13.05.2024","5,1511","5,1588","5,1649","5,1230","","-0,14%"
"10.05.2024","5,1584","5,1424","5,1614","5,1165","","0,33%"
"09.05.2024","5,1412","5,0914","5,1775","5,0875","","0,99%"
"08.05.2024","5,0909","5,0712","5,1083","5,0688","","0,40%"
"07.05.2024","5,0707","5,0770","5,0847","5,0484","","-0,10%"
"06.05.2024","5,0758","5,0725","5,0917","5,0602","","0,07%"
"03.05.2024","5,0722","5,1110","5,1164","5,0437","","-0,76%"
"02.05.2024","5,1113","5,1940","5,1940","5,0995","","-1,58%"
"01.05.2024","5,1936","5,1940","5,1999","5,1929","","0,00%"
"30.04.2024","5,1934","5,1190","5,1975","5,1133","","1,46%"
"29.04.2024","5,1189","5,1170","5,1227","5,1020","","0,07%"
"26.04.2024","5,1151","5,1615","5,1673","5,1085","","-0,87%"
"25.04.2024","5,1602","5,1472","5,1935","5,1099","","0,28%"
"24.04.2024","5,1457","5,1263","5,1720","5,1238","","0,38%"
"23.04.2024","5,1260","5,1674","5,1894","5,1182","","-0,81%"
"22.04.2024","5,1680","5,2021","5,2189","5,1633","","-0,67%"
"19.04.2024","5,2027","5,2485","5,2778","5,1849","","-0,87%"
"18.04.2024","5,2482","5,2421","5,2789","5,2284","","0,12%"
"17.04.2024","5,2420","5,2829","5,2916","5,2194","","-0,77%"
"16.04.2024","5,2826","5,1851","5,2873","5,1817","","1,89%"
"15.04.2024","5,1846","5,1149","5,2153","5,1031","","1,31%"
"12.04.2024","5,1175","5,0922","5,1487","5,0890","","0,51%"
"11.04.2024","5,0917","5,0735","5,0931","5,0580","","0,34%"
"10.04.2024","5,0746","5,0092","5,0863","4,9970","","1,31%"
"09.04.2024","5,0090","5,0281","5,0310","4,9995","","-0,35%"
"08.04.2024","5,0268","5,0665","5,0759","5,0247","","-0,76%"
"05.04.2024","5,0655","5,0549","5,0746","5,0280","","0,23%"
"04.04.2024","5,0538","5,0392","5,0574","5,0043","","0,29%"
"03.04.2024","5,0393","5,0584","5,0921","5,0349","","-0,36%"
"02.04.2024","5,0576","5,0551","5,0631","5,0216","","0,07%"
"01.04.2024","5,0543","5,0147","5,0708","5,0093","","0,78%"
"29.03.2024","5,0153","5,0155","5,0163","5,0139","","0,05%"
"28.03.2024","5,0129","4,9871","5,0184","4,9788","","0,53%"
"27.03.2024","4,9866","4,9816","4,9942","4,9716","","0,12%"
"26.03.2024","4,9808","4,9752","4,9942","4,9651","","0,11%"
"25.03.2024","4,9751","5,0023","5,0065","4,9718","","-0,49%"
"22.03.2024","4,9997","4,9781","5,0099","4,9739","","0,43%"
"21.03.2024","4,9781","4,9688","4,9865","4,9504","","0,18%"
"20.03.2024","4,9691","5,0313","5,0354","4,9649","","-1,21%"
"19.03.2024","5,0301","5,0261","5,0557","5,0100","","0,10%"
"18.03.2024","5,0253","4,9960","5,0324","4,9834","","0,61%"
"15.03.2024","4,9949","4,9897","5,0022","4,9812","","0,11%"
"14.03.2024","4,9895","4,9705","4,9945","4,9530","","0,39%"
"13.03.2024","4,9700","4,9720","4,9887","4,9621","","-0,04%"
"12.03.2024","4,9718","4,9780","4,9957","4,9581","","-0,11%"
"11.03.2024","4,9771","4,9835","5,0004","4,9598","","-0,07%"
"08.03.2024","4,9806","4,9345","4,9923","4,9341","","0,92%"
"07.03.2024","4,9350","4,9451","4,9473","4,9311","","-0,19%"
"06.03.2024","4,9446","4,9586","4,9611","4,9328","","-0,27%"
"05.03.2024","4,9581","4,9471","4,9622","4,9398","","0,25%"
"04.03.2024","4,9458","4,9545","4,9588","4,9404","","-0,17%"
"01.03.2024","4,9541","4,9708","4,9750","4,9458","","-0,35%"
"29.02.2024","4,9716","4,9689","4,9993","4,9619","","0,08%"
"28.02.2024","4,9675","4,9338","4,9764","4,9316","","0,69%"
"27.02.2024","4,9335","4,9802","4,9839","4,9281","","-0,93%"
"26.02.2024","4,9799","4,9943","4,9963","4,9703","","-0,30%"
"23.02.2024","4,9951","4,9610","4,9978","4,9595","","0,70%"
"22.02.2024","4,9605","4,9382","4,9659","4,9186","","0,50%"
"21.02.2024","4,9358","4,9278","4,9468","4,9194","","0,17%"
"20.02.2024","4,9275","4,9570","4,9654","4,9246","","-0,58%"
"19.02.2024","4,9564","4,9686","4,9713","4,9514","","-0,20%"
"16.02.2024","4,9665","4,9737","4,9894","4,9594","","-0,13%"
"15.02.2024","4,9732","4,9740","4,9833","4,9564","","0,08%"
"14.02.2024","4,9690","4,9537","4,9797","4,9535","","0,31%"
"13.02.2024","4,9536","4,9537","4,9570","4,9520","","0,00%"
"12.02.2024","4,9536","4,9537","4,9570","4,9535","","0,04%"
"09.02.2024","4,9517","4,9903","4,9918","4,9497","","-0,81%"
"08.02.2024","4,9920","4,9717","5,0017","4,9676","","0,47%"
"07.02.2024","4,9685","4,9600","4,9749","4,9525","","0,10%"
"06.02.2024","4,9634","4,9879","4,9891","4,9508","","-0,44%"
"05.02.2024","4,9854","4,9663","5,0184","4,9661","","0,31%"
"02.02.2024","4,9699","4,9167","4,9764","4,9072","","1,09%"
"01.02.2024","4,9163","4,9496","4,9697","4,9100","","-0,73%"
"31.01.2024","4,9526","4,9501","4,9668","4,9250","","0,02%"
"30.01.2024","4,9516","4,9433","4,9819","4,9332","","0,00%"
"29.01.2024","4,9518","4,9175","4,9585","4,9056","","0,71%"
"26.01.2024","4,9168","4,9063","4,9210","4,9018","","0,01%"
"25.01.2024","4,9165","4,9306","4,9418","4,9066","","-0,34%"
"24.01.2024","4,9335","4,9525","4,9538","4,9075","","-0,40%"
"23.01.2024","4,9535","4,9885","5,0023","4,9479","","-0,72%"
"22.01.2024","4,9892","4,9338","4,9932","4,9230","","1,18%"
"19.01.2024","4,9310","4,9299","4,9396","4,9020","","0,08%"
"18.01.2024","4,9269","4,9349","4,9561","4,9127","","-0,16%"
"17.01.2024","4,9349","4,9299","4,9547","4,9224","","0,18%"
"16.01.2024","4,9258","4,8615","4,9338","4,8614","","1,30%"
"15.01.2024","4,8628","4,8566","4,8868","4,8427","","0,18%"
"12.01.2024","4,8539","4,8712","4,8787","4,8309","","-0,33%"
"11.01.2024","4,8700","4,8930","4,8951","4,8580","","-0,43%"
"10.01.2024","4,8909","4,9072","4,9072","4,8776","","-0,26%"
"09.01.2024","4,9038","4,8737","4,9098","4,8703","","0,69%"
"08.01.2024","4,8700","4,8781","4,9014","4,8630","","-0,09%"
"05.01.2024","4,8743","4,9089","4,9407","4,8597","","-0,46%"
"04.01.2024","4,8968","4,9181","4,9366","4,8953","","-0,47%"
"03.01.2024","4,9198","4,9174","4,9397","4,8991","","-0,08%"
"02.01.2024","4,9235","4,8533","4,9240","4,8489","","1,46%"
"01.01.2024","4,8526","4,8534","4,8534","4,8534","","0,01%"
"29.12.2023","4,8521","4,8521","4,8521","4,8521","","0,00%"
"28.12.2023","4,8521","4,8323","4,8714","4,8175","","0,53%"
"27.12.2023","4,8267","4,8107","4,8408","4,8018","","0,26%"
"26.12.2023","4,8140","4,8513","4,8614","4,8135","","-0,92%"
"25.12.2023","4,8585","4,8585","4,8585","4,8585","","0,00%"
"22.12.2023","4,8585","4,8865","4,8908","4,8481","","-0,53%"
"21.12.2023","4,8844","4,9146","4,9146","4,8633","","-0,65%"
"20.12.2023","4,9163","4,8642","4,9193","4,8566","","1,00%"
"19.12.2023","4,8675","4,9027","4,9038","4,8505","","-0,60%"
"18.12.2023","4,8967","4,9414","4,9520","4,8903","","-0,82%"
"15.12.2023","4,9371","4,9121","4,9517","4,9040","","0,44%"
"14.12.2023","4,9155","4,8755","4,9180","4,8749","","-0,09%"
"13.12.2023","4,9197","4,9663","4,9773","4,9145","","-0,87%"
"12.12.2023","4,9631","4,9335","4,9740","4,9220","","0,50%"
"11.12.2023","4,9386","4,9268","4,9601","4,9260","","0,14%"
"08.12.2023","4,9317","4,9083","4,9368","4,8941","","0,41%"
"07.12.2023","4,9115","4,9026","4,9152","4,8790","","0,19%"
"06.12.2023","4,9022","4,9302","4,9310","4,8883","","-0,58%"
"05.12.2023","4,9306","4,9449","4,9680","4,9228","","-0,25%"
"04.12.2023","4,9432","4,8780","4,9539","4,8780","","1,29%"
"01.12.2023","4,8801","4,9265","4,9378","4,8675","","-0,82%"
"30.11.2023","4,9205","4,9060","4,9459","4,9050","","0,36%"
"29.11.2023","4,9029","4,8711","4,9077","4,8639","","0,67%"
"28.11.2023","4,8705","4,9050","4,9099","4,8575","","-0,53%"
"27.11.2023","4,8964","4,9060","4,9222","4,8718","","-0,11%"
"24.11.2023","4,9020","4,9076","4,9089","4,8826","","-0,04%"
"23.11.2023","4,9039","4,9074","4,9093","4,8861","","-0,06%"
"22.11.2023","4,9068","4,9050","4,9205","4,8775","","0,13%"
"21.11.2023","4,9006","4,8576","4,9093","4,8425","","0,95%"
"20.11.2023","4,8543","4,9025","4,9064","4,8464","","-1,05%"
"17.11.2023","4,9059","4,8636","4,9127","4,8509","","0,88%"
"16.11.2023","4,8632","4,8625","4,8876","4,8363","","0,02%"
"15.11.2023","4,8620","4,8625","4,8630","4,8610","","-0,07%"
"14.11.2023","4,8654","4,9079","4,9092","4,8472","","-0,86%"
"13.11.2023","4,9075","4,9009","4,9427","4,9008","","0,13%"
"10.11.2023","4,9013","4,9341","4,9549","4,9018","","-0,67%"
"09.11.2023","4,9342","4,9063","4,9476","4,8916","","0,49%"
"08.11.2023","4,9103","4,8736","4,9175","4,8706","","0,78%"
"07.11.2023","4,8724","4,8815","4,9080","4,8585","","-0,26%"
"06.11.2023","4,8853","4,9031","4,9120","4,8813","","-0,32%"
"03.11.2023","4,9012","4,9555","4,9555","4,8753","","-1,05%"
"02.11.2023","4,9534","4,9534","4,9534","4,9534","","0,00%"
"01.11.2023","4,9534","5,0357","5,0457","4,9509","","-1,62%"
"31.10.2023","5,0350","5,0475","5,0717","5,0085","","-0,24%"
"30.10.2023","5,0472","5,0143","5,0602","4,9717","","0,64%"
"27.10.2023","5,0152","4,9868","5,0202","4,9306","","0,58%"
"26.10.2023","4,9861","4,9963","5,0196","4,9861","","-0,17%"
"25.10.2023","4,9947","4,9928","5,0201","4,9853","","0,08%"
"24.10.2023","4,9908","5,0142","5,0312","4,9892","","-0,41%"
"23.10.2023","5,0112","5,0328","5,0545","4,9953","","-0,40%"
"20.10.2023","5,0312","5,0648","5,0990","5,0246","","-0,66%"
"19.10.2023","5,0646","5,0598","5,0838","5,0188","","0,11%"
"18.10.2023","5,0591","5,0415","5,0762","5,0278","","0,35%"
"17.10.2023","5,0414","5,0390","5,0659","5,0093","","0,07%"
"16.10.2023","5,0377","5,0532","5,0725","5,0315","","-0,83%"
"13.10.2023","5,0801","5,0504","5,1031","5,0448","","0,68%"
"12.10.2023","5,0460","5,0501","5,0501","5,0449","","-0,05%"
"11.10.2023","5,0483","5,0518","5,0714","5,0280","","-0,07%"
"10.10.2023","5,0516","5,1353","5,1400","5,0471","","-1,63%"
"09.10.2023","5,1355","5,1615","5,1820","5,1210","","-0,20%"
"06.10.2023","5,1457","5,1668","5,2210","5,1424","","-0,39%"
"05.10.2023","5,1658","5,1550","5,1884","5,1494","","0,19%"
"04.10.2023","5,1562","5,1673","5,1789","5,1231","","-0,21%"
"03.10.2023","5,1669","5,0637","5,1739","5,0637","","2,09%"
"02.10.2023","5,0610","5,0308","5,0810","5,0308","","0,58%"
"29.09.2023","5,0320","5,0335","5,0406","4,9876","","-0,02%"
"28.09.2023","5,0331","5,0436","5,0702","5,0140","","-0,19%"
"27.09.2023","5,0425","4,9911","5,0800","4,9864","","1,06%"
"26.09.2023","4,9898","4,9684","4,9942","4,9519","","0,44%"
"25.09.2023","4,9678","4,9320","4,9759","4,9320","","0,66%"
"22.09.2023","4,9351","4,9367","4,9381","4,9033","","0,00%"
"21.09.2023","4,9351","4,8802","4,9396","4,8795","","1,13%"
"20.09.2023","4,8801","4,8670","4,8840","4,8422","","0,26%"
"19.09.2023","4,8673","4,8553","4,8761","4,8390","","0,24%"
"18.09.2023","4,8556","4,8685","4,8784","4,8408","","-0,22%"
"15.09.2023","4,8663","4,8682","4,8802","4,8584","","-0,01%"
"14.09.2023","4,8668","4,9167","4,9214","4,8620","","-0,99%"
"13.09.2023","4,9153","4,9474","4,9683","4,8945","","-0,64%"
"12.09.2023","4,9470","4,9307","4,9690","4,9307","","0,33%"
"11.09.2023","4,9307","4,9845","4,9867","4,9202","","-1,15%"
"08.09.2023","4,9882","4,9787","4,9949","4,9636","","0,23%"
"07.09.2023","4,9767","4,9787","4,9787","4,9773","","-0,03%"
"06.09.2023","4,9784","4,9680","4,9953","4,9536","","0,23%"
"05.09.2023","4,9671","4,9376","4,9866","4,9376","","0,60%"
"04.09.2023","4,9376","4,9485","4,9490","4,9069","","-0,18%"
"01.09.2023","4,9463","4,9555","4,9558","4,8997","","-0,16%"
"31.08.2023","4,9544","4,8876","4,9613","4,8639","","1,34%"
"30.08.2023","4,8890","4,8536","4,8924","4,8424","","0,76%"
"29.08.2023","4,8523","4,8753","4,9027","4,8481","","-0,43%"
"28.08.2023","4,8731","4,8719","4,9121","4,8630","","0,04%"
"25.08.2023","4,8711","4,8816","4,9014","4,8560","","-0,19%"
"24.08.2023","4,8802","4,8576","4,8880","4,8545","","0,47%"
"23.08.2023","4,8572","4,9367","4,9433","4,8457","","-1,65%"
"22.08.2023","4,9386","4,9802","4,9805","4,9251","","-0,82%"
"21.08.2023","4,9793","4,9684","4,9967","4,9563","","0,20%"
"18.08.2023","4,9694","4,9760","5,0024","4,9567","","-0,13%"
"17.08.2023","4,9758","4,9883","4,9970","4,9583","","-0,24%"
"16.08.2023","4,9879","4,9859","4,9931","4,9502","","0,07%"
"15.08.2023","4,9845","4,9636","4,9983","4,9588","","0,46%"
"14.08.2023","4,9615","4,9126","4,9716","4,9102","","1,16%"
"11.08.2023","4,9048","4,8930","4,9104","4,8608","","0,25%"
"10.08.2023","4,8924","4,9029","4,9057","4,8400","","-0,20%"
"09.08.2023","4,9020","4,9009","4,9166","4,8738","","0,05%"
"08.08.2023","4,8996","4,8985","4,9418","4,8895","","-0,01%"
"07.08.2023","4,8999","4,8735","4,9152","4,8681","","0,55%"
"04.08.2023","4,8733","4,9185","4,9201","4,8453","","-0,89%"
"03.08.2023","4,9170","4,8126","4,9224","4,8123","","2,18%"
"02.08.2023","4,8120","4,7935","4,8225","4,7807","","0,44%"
"01.08.2023","4,7911","4,7295","4,8008","4,7280","","1,42%"
"31.07.2023","4,7241","4,7304","4,7607","4,7130","","-0,20%"
"28.07.2023","4,7336","4,7435","4,7500","4,6950","","-0,19%"
"27.07.2023","4,7424","4,7380","4,7596","4,7081","","0,13%"
"26.07.2023","4,7364","4,7508","4,7561","4,7220","","-0,28%"
"25.07.2023","4,7498","4,7274","4,7604","4,7159","","0,48%"
"24.07.2023","4,7271","4,7797","4,7840","4,7229","","-1,10%"
"21.07.2023","4,7795","4,8012","4,8257","4,7597","","-0,39%"
"20.07.2023","4,7980","4,7920","4,8123","4,7681","","0,15%"
"19.07.2023","4,7909","4,8108","4,8224","4,7790","","-0,41%"
"18.07.2023","4,8105","4,8067","4,8281","4,7943","","0,08%"
"17.07.2023","4,8066","4,7896","4,8507","4,7896","","0,36%"
"14.07.2023","4,7894","4,7965","4,8154","4,7757","","-0,16%"
"13.07.2023","4,7971","4,8201","4,8273","4,7858","","-0,44%"
"12.07.2023","4,8184","4,8532","4,8616","4,7832","","-0,73%"
"11.07.2023","4,8538","4,8985","4,9235","4,8520","","-0,90%"
"10.07.2023","4,8978","4,8696","4,9038","4,8535","","0,53%"
"07.07.2023","4,8720","4,9195","4,9360","4,8474","","-0,96%"
"06.07.2023","4,9193","4,8460","4,9507","4,8412","","1,47%"
"05.07.2023","4,8478","4,8413","4,8710","4,8348","","0,14%"
"04.07.2023","4,8408","4,8079","4,8500","4,7828","","0,69%"
"03.07.2023","4,8077","4,7885","4,8124","4,7592","","0,45%"
"30.06.2023","4,7860","4,8559","4,8709","4,7828","","-1,43%"
"29.06.2023","4,8553","4,8516","4,8750","4,8283","","0,10%"
"28.06.2023","4,8506","4,8121","4,8717","4,8097","","0,84%"
"27.06.2023","4,8103","4,7650","4,8148","4,7505","","0,90%"
"26.06.2023","4,7675","4,7838","4,7870","4,7579","","-0,39%"
"23.06.2023","4,7864","4,7719","4,8073","4,7653","","0,37%"
"22.06.2023","4,7689","4,7648","4,7884","4,7507","","0,12%"
"21.06.2023","4,7630","4,7907","4,8170","4,7624","","-0,57%"
"20.06.2023","4,7902","4,7780","4,8086","4,7734","","0,27%"
"19.06.2023","4,7772","4,8202","4,8320","4,7587","","-0,89%"
"16.06.2023","4,8199","4,8112","4,8506","4,8060","","0,20%"
"15.06.2023","4,8102","4,8144","4,8446","4,7949","","-0,09%"
"14.06.2023","4,8146","4,8627","4,8678","4,7962","","-0,98%"
"13.06.2023","4,8622","4,8622","4,8799","4,8475","","0,02%"
"12.06.2023","4,8613","4,8794","4,9007","4,8611","","-0,36%"
"09.06.2023","4,8791","4,9208","4,9276","4,8524","","-0,90%"
"08.06.2023","4,9235","4,9235","4,9235","4,9235","","0,00%"
"07.06.2023","4,9235","4,9134","4,9325","4,8995","","0,22%"
"06.06.2023","4,9125","4,9292","4,9564","4,9004","","-0,33%"
"05.06.2023","4,9289","4,9581","4,9765","4,9121","","-0,57%"
"02.06.2023","4,9571","5,0148","5,0152","4,9453","","-1,13%"
"01.06.2023","5,0140","5,0553","5,0588","5,0044","","-0,86%"
"31.05.2023","5,0574","5,0365","5,1279","5,0365","","0,43%"
"30.05.2023","5,0357","5,0174","5,0700","4,9990","","0,37%"
"29.05.2023","5,0171","4,9942","5,0209","4,9736","","0,46%"
"26.05.2023","4,9939","5,0375","5,0375","4,9774","","-0,83%"
"25.05.2023","5,0356","4,9618","5,0448","4,9422","","1,49%"
"24.05.2023","4,9619","4,9717","4,9767","4,9349","","-0,19%"
"23.05.2023","4,9714","4,9665","4,9952","4,9503","","0,09%"
"22.05.2023","4,9667","4,9983","5,0063","4,9528","","-0,63%"
"19.05.2023","4,9981","4,9668","5,0033","4,9433","","0,66%"
"18.05.2023","4,9652","4,9401","4,9818","4,9391","","0,52%"
"17.05.2023","4,9396","4,9411","4,9714","4,9226","","-0,01%"
"16.05.2023","4,9402","4,8893","4,9542","4,8847","","1,02%"
"15.05.2023","4,8904","4,9196","4,9335","4,8853","","-0,59%"
"12.05.2023","4,9195","4,9308","4,9567","4,9079","","-0,20%"
"11.05.2023","4,9295","4,9443","4,9847","4,9254","","-0,26%"
"10.05.2023","4,9424","4,9882","4,9914","4,9345","","-0,88%"
"09.05.2023","4,9862","5,0097","5,0374","4,9728","","-0,47%"
"08.05.2023","5,0097","4,9531","5,0186","4,9410","","1,17%"
"05.05.2023","4,9518","4,9847","5,0080","4,9250","","-0,61%"
"04.05.2023","4,9822","4,9959","5,0346","4,9694","","-0,25%"
"03.05.2023","4,9949","5,0398","5,0524","4,9812","","-0,87%"
"02.05.2023","5,0387","4,9893","5,0535","4,9889","","1,00%"
"01.05.2023","4,9889","4,9875","4,9895","4,9875","","0,05%"
"28.04.2023","4,9865","4,9776","5,0200","4,9776","","0,19%"
"27.04.2023","4,9771","5,0445","5,0490","4,9693","","-1,32%"
"26.04.2023","5,0435","5,0542","5,0746","5,0353","","-0,12%"
"25.04.2023","5,0497","5,0348","5,0845","5,0294","","0,32%"
"24.04.2023","5,0337","5,0481","5,0863","5,0339","","-0,30%"
"21.04.2023","5,0486","5,0493","5,0493","5,0489","","0,00%"
"20.04.2023","5,0486","5,0759","5,0864","5,0360","","-0,53%"
"19.04.2023","5,0753","4,9859","5,0895","4,9859","","1,83%"
"18.04.2023","4,9840","4,9415","4,9974","4,9097","","0,86%"
"17.04.2023","4,9413","4,9102","4,9573","4,8988","","0,65%"
"14.04.2023","4,9096","4,9279","4,9653","4,8922","","-0,36%"
"13.04.2023","4,9272","4,9190","4,9405","4,8927","","0,19%"
"12.04.2023","4,9181","5,0077","5,0108","4,9155","","-1,74%"
"11.04.2023","5,0054","5,0667","5,0675","4,9886","","-1,19%"
"10.04.2023","5,0655","5,0559","5,0938","5,0368","","0,21%"
"07.04.2023","5,0549","5,0599","5,0599","5,0559","","-0,04%"
"06.04.2023","5,0570","5,0345","5,0837","5,0342","","0,46%"
"05.04.2023","5,0340","5,0724","5,0778","5,0163","","-0,74%"
"04.04.2023","5,0716","5,0643","5,1002","5,0493","","0,17%"
"03.04.2023","5,0632","5,0637","5,0834","5,0382","","0,00%"
"31.03.2023","5,0631","5,0947","5,1094","5,0547","","-0,60%"
"30.03.2023","5,0938","5,1367","5,1610","5,0723","","-0,81%"
"29.03.2023","5,1356","5,1660","5,1846","5,1262","","-0,58%"
"28.03.2023","5,1655","5,1986","5,1993","5,1477","","-0,63%"
"27.03.2023","5,1983","5,2466","5,2509","5,1926","","-0,91%"
"24.03.2023","5,2463","5,2976","5,3421","5,2380","","-0,96%"
"23.03.2023","5,2973","5,2372","5,3016","5,2024","","1,15%"
"22.03.2023","5,2369","5,2438","5,2800","5,2042","","-0,12%"
"21.03.2023","5,2430","5,2371","5,2549","5,2130","","0,12%"
"20.03.2023","5,2368","5,2756","5,2853","5,2295","","-0,78%"
"17.03.2023","5,2778","5,2297","5,2855","5,2294","","0,94%"
"16.03.2023","5,2285","5,2884","5,3117","5,2221","","-1,13%"
"15.03.2023","5,2882","5,2539","5,3289","5,2505","","0,65%"
"14.03.2023","5,2543","5,2472","5,2629","5,2208","","0,16%"
"13.03.2023","5,2459","5,2171","5,2835","5,2106","","0,56%"
"10.03.2023","5,2166","5,1650","5,2216","5,1509","","1,01%"
"09.03.2023","5,1645","5,1458","5,1706","5,1093","","0,37%"
"08.03.2023","5,1453","5,1913","5,1913","5,1003","","-0,88%"
"07.03.2023","5,1910","5,1539","5,2059","5,1522","","0,73%"
"06.03.2023","5,1534","5,1990","5,2179","5,1516","","-0,81%"
"03.03.2023","5,1956","5,2011","5,2302","5,1820","","-0,10%"
"02.03.2023","5,2006","5,1796","5,2288","5,1795","","0,41%"
"01.03.2023","5,1794","5,2369","5,2369","5,1747","","-1,09%"
"28.02.2023","5,2367","5,2013","5,2519","5,1788","","0,69%"
"27.02.2023","5,2008","5,2071","5,2134","5,1706","","-0,18%"
"24.02.2023","5,2100","5,1378","5,2144","5,1350","","1,42%"
"23.02.2023","5,1373","5,1527","5,1758","5,1093","","-0,29%"
"22.02.2023","5,1522","5,1680","5,2133","5,1515","","-0,30%"
"21.02.2023","5,1675","5,1679","5,1680","5,1655","","0,00%"
"20.02.2023","5,1674","5,1679","5,1679","5,1679","","0,00%"
"17.02.2023","5,1674","5,2181","5,2538","5,1496","","-0,97%"
"16.02.2023","5,2178","5,2195","5,2603","5,1961","","-0,02%"
"15.02.2023","5,2190","5,1927","5,2406","5,1897","","0,51%"
"14.02.2023","5,1923","5,1600","5,2292","5,1281","","0,63%"
"13.02.2023","5,1596","5,2156","5,2278","5,1570","","-1,06%"
"10.02.2023","5,2151","5,2916","5,3092","5,2091","","-1,44%"
"09.02.2023","5,2911","5,2012","5,2934","5,1721","","1,74%"
"08.02.2023","5,2007","5,2106","5,2459","5,1659","","-0,18%"
"07.02.2023","5,2101","5,1481","5,2184","5,1326","","1,24%"
"06.02.2023","5,1464","5,1525","5,2138","5,1407","","-0,11%"
"03.02.2023","5,1522","5,0509","5,1589","5,0509","","2,02%"
"02.02.2023","5,0504","5,0552","5,0557","4,9401","","-0,09%"
"01.02.2023","5,0547","5,0736","5,1130","5,0426","","-0,36%"
"31.01.2023","5,0731","5,1167","5,1418","5,0703","","-0,84%"
"30.01.2023","5,1162","5,1065","5,1339","5,0827","","0,14%"
"27.01.2023","5,1089","5,0663","5,1174","5,0560","","0,85%"
"26.01.2023","5,0658","5,0736","5,1200","5,0585","","-0,15%"
"25.01.2023","5,0734","5,1397","5,1500","5,0679","","-1,28%"
"24.01.2023","5,1392","5,2080","5,2207","5,1344","102,09K","-1,31%"
"23.01.2023","5,2076","5,2079","5,2207","5,1634","130,45K","0,00%"
"20.01.2023","5,2074","5,1746","5,2400","5,1639","115,59K","0,64%"
"19.01.2023","5,1741","5,1868","5,2562","5,1631","156,95K","-0,24%"
"18.01.2023","5,1863","5,1007","5,1901","5,0655","162,32K","1,69%"
"17.01.2023","5,1003","5,1512","5,1589","5,0957","127,44K","-0,92%"
"16.01.2023","5,1474","5,0957","5,1624","5,0922","92,57K","1,02%"
"13.01.2023","5,0956","5,1087","5,1554","5,0776","112,52K","-0,25%"
"12.01.2023","5,1082","5,1603","5,1858","5,0684","189,34K","-1,00%"
"11.01.2023","5,1600","5,2000","5,2345","5,1592","144,40K","-0,76%"
"10.01.2023","5,1997","5,2580","5,2768","5,1974","133,59K","-1,04%"
"09.01.2023","5,2546","5,2259","5,3094","5,2259","136,99K","0,56%"
"06.01.2023","5,2254","5,3514","5,3697","5,2186","154,80K","-2,35%"
"05.01.2023","5,3509","5,4315","5,4315","5,3478","148,32K","-1,48%"
"04.01.2023","5,4312","5,4799","5,4799","5,4248","175,09K","-0,89%"
"03.01.2023","5,4797","5,3638","5,4802","5,3396","188,23K","2,17%"
"02.01.2023","5,3633","5,2865","5,3671","5,2861","84,04K","1,46%"